"Title / Name","Category","Rating","Review Count","Address","Phone Number","Website","Status / Hours","Latitude","Longitude","Search Keyword","Google Maps Link","Plus Code"
"IN NYC IT","Computer support and services","5","","11 Broadway Ste 466, New York, NY 10004, United States","+1 212-390-0190","http://innycit.com/","Open 24 hours","40.7053059","-74.0140199","Software Companies in New York","https://www.google.com/maps/place/IN+NYC+IT/data=!4m7!3m6!1s0x89c25b80c8d1be63:0x6f4ba49b78c833f6!8m2!3d40.7053059!4d-74.0140199!16s%2Fg%2F11g07br2mj!19sChIJY77RyIBbwokR9jPIeJukS28?authuser=0&hl=en&g_ep=EgoyMDI2MDkzMC4wIJJjKgBIAVAD&rclk=1","PX4P+49 New York, USA"
"Hyperlink Infosystem","Software company","4.7","","285 Fulton St Ste 8500, New York, NY 10007, United States","+1 309-791-4105","https://www.hyperlinkinfosystem.com/","Open 24 hours","40.713638","-74.0087211","Software Companies in New York","https://www.google.com/maps/place/Hyperlink+Infosystem/data=!4m7!3m6!1s0x89c25a1bcff01043:0xca1a3d4fb39b8155!8m2!3d40.713638!4d-74.0087211!16s%2Fg%2F11f53pg47b!19sChIJQxDwzxtawokRVYGbs089Gso?authuser=0&hl=en&g_ep=EgoyMDI2MDkzMC4wIJJjKgBIAVAD&rclk=1","PX7R+FG New York, USA"
"RisingMax - IT Consulting Company","Software company","4.3","","600 3rd Ave, New York, NY 10016, United States","","https://risingmax.com/?utm_source=gmbrisingmax","Open 24 hours","40.749299","-73.9757505","Software Companies in New York","https://www.google.com/maps/place/RisingMax+-+IT+Consulting+Company/data=!4m7!3m6!1s0x89c259aace268be1:0x77916b76de723010!8m2!3d40.749299!4d-73.9757505!16s%2Fg%2F11hfmznvw9!19sChIJ4YsmzqpZwokREDBy3nZrkXc?authuser=0&hl=en&g_ep=EgoyMDI2MDkzMC4wIJJjKgBIAVAD&rclk=1","P2XF+PM New York, USA"
"Trango Tech New York - Mobile App development Company","Software company","4.7","","459 Columbus Ave Unit 1090, New York, NY 10024, United States","+1 833-442-2270","https://trangotech.com/mobile/app-development-new-york-city/?utm_source=GMB&utm_medium=GMB+NYC&utm_campaign=GMB+NYC","Open 24 hours","40.7837187","-73.973889","Software Companies in New York","https://www.google.com/maps/place/Trango+Tech+New+York+-+Mobile+App+development+Company/data=!4m7!3m6!1s0x236d8df29f94362b:0x4cbd072a4394cf69!8m2!3d40.7837187!4d-73.973889!16s%2Fg%2F11v5x4qgz5!19sChIJKzaUn_KNbSMRac-UQyoHvUw?authuser=0&hl=en&g_ep=EgoyMDI2MDkzMC4wIJJjKgBIAVAD&rclk=1","Q2MG+FC New York, USA"
"Custom Software & AI Engineering Company | Cloudester Software","Software company","5","","85 Delancey St, New York, NY 10002, United States","+1 929-325-0230","https://cloudester.com/","","40.7187485","-73.989578","Software Companies in New York","https://www.google.com/maps/place/Custom+Software+%26+AI+Engineering+Company+%7C+Cloudester+Software/data=!4m7!3m6!1s0x89c25b041621760b:0x2ae6a691e8b53cae!8m2!3d40.7187485!4d-73.989578!16s%2Fg%2F11n_t4_sbk!19sChIJC3YhFgRbwokRrjy16JGm5io?authuser=0&hl=en&g_ep=EgoyMDI2MDkzMC4wIJJjKgBIAVAD&rclk=1","P296+F5 New York, USA"
"Hubspire","Software company","5","","1216 Broadway 2nd floor, New York, NY 10001, United States","+1 646-791-1223","http://www.hubspire.com/","Closed · Opens 7 am","40.746561","-73.9882228","Software Companies in New York","https://www.google.com/maps/place/Hubspire/data=!4m7!3m6!1s0x89c25a1698031e3f:0x96c1a4875adb469!8m2!3d40.746561!4d-73.9882228!16s%2Fg%2F11ckr57gy7!19sChIJPx4DmBZawokRabStdUgabAk?authuser=0&hl=en&g_ep=EgoyMDI2MDkzMC4wIJJjKgBIAVAD&rclk=1","P2W6+JP New York, USA"
"App Development Companies","Software company","5","","285 Fulton St Ste 8500, New York, NY 10007, United States","+1 646-571-3497","https://appdevelopmentcompanies.co/","Open 24 hours","40.713638","-74.0087211","Software Companies in New York","https://www.google.com/maps/place/App+Development+Companies/data=!4m7!3m6!1s0x89c25b93ba1deceb:0xb2d9f0ad03e5bdf7!8m2!3d40.713638!4d-74.0087211!16s%2Fg%2F11hyfw3wrj!19sChIJ6-wdupNbwokR973lA63w2bI?authuser=0&hl=en&g_ep=EgoyMDI2MDkzMC4wIJJjKgBIAVAD&rclk=1","PX7R+FG New York, USA"
"Enigma Technologies","Software company","4.7","","32 Mercer St 8th Fl, New York, NY 10013, United States","+1 800-510-2856","https://enigma.com/","","40.7209772","-74.0015815","Software Companies in New York","https://www.google.com/maps/place/Enigma+Technologies/data=!4m7!3m6!1s0x89c2598934b3a7b1:0xc1534e03e98a2ae0!8m2!3d40.7209772!4d-74.0015815!16s%2Fg%2F12q4v1gdh!19sChIJsaezNIlZwokR4CqK6QNOU8E?authuser=0&hl=en&g_ep=EgoyMDI2MDkzMC4wIJJjKgBIAVAD&rclk=1","PXCX+99 New York, USA"
"TechnBrains New York - Mobile App Development Company","Software company","4.7","","165 Broadway Suite # 1007, 23rd Floor, New York, NY 10006, United States","+1 833-888-6032","https://www.technbrains.com/locations/mobile-app-development-company-new-york-city?utm_source=gmb&utm_medium=organic&utm_campaign=gmb-nyc&utm_id=gmb-nyc","Closed · Opens 9 am","40.7096195","-74.0105084","Software Companies in New York","https://www.google.com/maps/place/TechnBrains+New+York+-+Mobile+App+Development+Company/data=!4m7!3m6!1s0x89c25b9c38876da1:0xdcb386963af8acfc!8m2!3d40.7096195!4d-74.0105084!16s%2Fg%2F11kvr3sfbp!19sChIJoW2HOJxbwokR_Kz4OpaGs9w?authuser=0&hl=en&g_ep=EgoyMDI2MDkzMC4wIJJjKgBIAVAD&rclk=1","PX5Q+RQ New York, USA"
"ConvergeSol - Custom Software & Web Development Company","Software company","5","","45 Rockefeller Plaza 20th Floor, New York, NY 10111, United States","+1 212-899-5148","https://www.convergesolution.com/","Open 24 hours","40.759267","-73.977514","Software Companies in New York","https://www.google.com/maps/place/ConvergeSol+-+Custom+Software+%26+Web+Development+Company/data=!4m7!3m6!1s0x89c258ff48e75613:0x1e569b00d8ae21d6!8m2!3d40.759267!4d-73.977514!16s%2Fg%2F1tltn8sp!19sChIJE1bnSP9YwokR1iGu2ACbVh4?authuser=0&hl=en&g_ep=EgoyMDI2MDkzMC4wIJJjKgBIAVAD&rclk=1","Q25C+PX New York, USA"
"Gold Star Coffee","Coffee roastery","4.9","309","70 East Sunrise Hwy suite 500, Valley Stream, NY 11581, United States","+1 888-371-5282","http://www.goldstarcoffee.com/","Closed · Opens 10 am","40.658662","-73.696846","Coffee Shops in Brooklyn","https://www.google.com/maps/place/Gold+Star+Coffee/data=!4m7!3m6!1s0x89c265b84f68bb69:0xc2ffb725d18a402c!8m2!3d40.658662!4d-73.696846!16s%2Fg%2F11fhz4z4dq!19sChIJabtoT7hlwokRLECK0SW3_8I?authuser=0&hl=en&g_ep=EgoyMDI2MDkzMC4wIJJjKgBIAVAD&rclk=1","M853+F7 Valley Stream, New York, USA"
"Victory Sweet Shop/Victory Garden Cafe","Restaurant","4.5","461","21-69 Steinway St, Astoria, NY 11105, United States","+1 718-274-2087","https://victorysweetshop.com/garden-cafe/","Closed · Opens 8 am","40.773086","-73.905434","Coffee Shops in Brooklyn","https://www.google.com/maps/place/Victory+Sweet+Shop%2FVictory+Garden+Cafe/data=!4m7!3m6!1s0x89c25f6f5b0d0f0f:0x474263db3a1427f1!8m2!3d40.773086!4d-73.905434!16s%2Fg%2F1vgqd_w_!19sChIJDw8NW29fwokR8ScUOttjQkc?authuser=0&hl=en&g_ep=EgoyMDI2MDkzMC4wIJJjKgBIAVAD&rclk=1","Q3FV+6R Astoria, Queens, NY, USA"
"Casita of Brooklyn","Coffee shop","4.8","272","318 11th St, Brooklyn, NY 11215, United States","+1 347-889-5849","http://casitaofbk.com/","","40.6680084","-73.9878008","Coffee Shops in Brooklyn","https://www.google.com/maps/place/Casita+of+Brooklyn/data=!4m7!3m6!1s0x89c25b1b261401db:0xba93d6a2aa186d22!8m2!3d40.6680084!4d-73.9878008!16s%2Fg%2F11qpw8cbcf!19sChIJ2wEUJhtbwokRIm0YqqLWk7o?authuser=0&hl=en&g_ep=EgoyMDI2MDkzMC4wIJJjKgBIAVAD&rclk=1","M296+6V Brooklyn, New York, USA"
"Compilation Coffee Roasters @ Ft. Greene","Coffee shop","4.6","220","343 Gold St, Brooklyn, NY 11201, United States","+1 347-422-0271","https://shop.compilationcoffee.com/","Closed · Opens 7 am","40.6938193","-73.98278","Coffee Shops in Brooklyn","https://www.google.com/maps/place/Compilation+Coffee+Roasters+@+Ft.+Greene/data=!4m7!3m6!1s0x89c25bb198f8b0a3:0x47bd0b7ec36984aa!8m2!3d40.6938193!4d-73.98278!16s%2Fg%2F11t_v0q39j!19sChIJo7D4mLFbwokRqoRpw34LvUc?authuser=0&hl=en&g_ep=EgoyMDI2MDkzMC4wIJJjKgBIAVAD&rclk=1","M2V8+GV Brooklyn, New York, USA"
"Villager","Coffee shop","4.7","503","841 Classon Ave, Brooklyn, NY 11238, United States","","https://instagram.com/villager_ny?igshid=YmMyMTA2M2Y=","Closed · Opens 7 am","40.6719734","-73.9609841","Coffee Shops in Brooklyn","https://www.google.com/maps/place/Villager/data=!4m7!3m6!1s0x89c25b987bf70b3d:0xea774e8db991be6!8m2!3d40.6719734!4d-73.9609841!16s%2Fg%2F11rhp2j9jp!19sChIJPQv3e5hbwokR5huZ2-h0pw4?authuser=0&hl=en&g_ep=EgoyMDI2MDkzMC4wIJJjKgBIAVAD&rclk=1","M2CQ+QJ Brooklyn, New York, USA"
"Principles GI Coffee House","Coffee shop","4.8","662","139 9th St, Brooklyn, NY 11215, United States","+1 347-218-4290","http://www.principlesbk.nyc/","Closed · Opens 8 am","40.6724751","-73.9926559","Coffee Shops in Brooklyn","https://www.google.com/maps/place/Principles+GI+Coffee+House/data=!4m7!3m6!1s0x89c25baa195e1927:0xfb72ab3b00629c87!8m2!3d40.6724751!4d-73.9926559!16s%2Fg%2F11rz43g3s9!19sChIJJxleGapbwokRh5xiADurcvs?authuser=0&hl=en&g_ep=EgoyMDI2MDkzMC4wIJJjKgBIAVAD&rclk=1","M2C4+XW Brooklyn, New York, USA"
"% Arabica","Coffee shop","4.4","1736","20 Old Fulton St, Brooklyn, NY 11201, United States","+1 718-865-2551","https://arabicacoffeeus.com/","Closed · Opens 8 am","40.7026045","-73.9941637","Coffee Shops in Brooklyn","https://www.google.com/maps/place/%25+Arabica/data=!4m7!3m6!1s0x89c25b4c3b3d5377:0x16dfbd30d4ae598b!8m2!3d40.7026045!4d-73.9941637!16s%2Fg%2F11rfbtrr85!19sChIJd1M9O0xbwokRi1mu1DC93xY?authuser=0&hl=en&g_ep=EgoyMDI2MDkzMC4wIJJjKgBIAVAD&rclk=1","P234+28 Brooklyn, New York, USA"
"Enso Cafe","Coffee shop","4.9","431","665 President St, Brooklyn, NY 11215, United States","+1 718-576-3558","","Closed · Opens 7:30 am","40.6757335","-73.9805354","Coffee Shops in Brooklyn","https://www.google.com/maps/place/Enso+Cafe/data=!4m7!3m6!1s0x89c25bb95f70f4e9:0x42328a615c4368a9!8m2!3d40.6757335!4d-73.9805354!16s%2Fg%2F11l1lqpppr!19sChIJ6fRwX7lbwokRqWhDXGGKMkI?authuser=0&hl=en&g_ep=EgoyMDI2MDkzMC4wIJJjKgBIAVAD&rclk=1","M2G9+7Q Brooklyn, New York, USA"
"Bon Tree","Coffee shop","4.7","415","631 Vanderbilt Ave, Brooklyn, NY 11238, United States","+1 929-628-1143","http://bon-tree.com/","Closed · Opens 7 am","40.6781164","-73.9684135","Coffee Shops in Brooklyn","https://www.google.com/maps/place/Bon+Tree/data=!4m7!3m6!1s0x89c25b182226d0d7:0xf2bb889a556852fc!8m2!3d40.6781164!4d-73.9684135!16s%2Fg%2F11y46tst2_!19sChIJ19AmIhhbwokR_FJoVZqIu_I?authuser=0&hl=en&g_ep=EgoyMDI2MDkzMC4wIJJjKgBIAVAD&rclk=1","M2HJ+6J Brooklyn, New York, USA"
"Coffee Project New York","Coffee shop","4.3","377","78 Rockwell Pl, Brooklyn, NY 11217, United States","+1 585-888-3153","http://www.coffeeprojectny.com/","","40.687638","-73.9793082","Coffee Shops in Brooklyn","https://www.google.com/maps/place/Coffee+Project+New+York/data=!4m7!3m6!1s0x89c25ba4e56c4e15:0xd0ea8ac60e457db9!8m2!3d40.687638!4d-73.9793082!16s%2Fg%2F11g4bmfvfr!19sChIJFU5s5aRbwokRuX1FDsaK6tA?authuser=0&hl=en&g_ep=EgoyMDI2MDkzMC4wIJJjKgBIAVAD&rclk=1","M2QC+37 Brooklyn, New York, USA"